Customer_ID,Customer_Name,Total_Orders,Total_Sales,Avg_Order_Value,First_Order_Date,Last_Order_Date
AA-10315,"Alex Avila",5,11127.12,505.778182,2014-03-31,2017-06-29
AA-10375,"Allen Armold",9,2112.78,70.426000,2014-04-21,2017-12-11
AA-10480,"Andrew Allen",4,3581.02,149.209167,2014-05-04,2017-04-15
AA-10645,"Anna Andreadi",6,10173.88,282.607778,2014-06-22,2017-11-05
AB-10015,"Aaron Bergman",3,1772.30,147.691667,2014-02-18,2016-11-10
AB-10060,"Adam Bellavance",8,15511.26,430.868333,2015-09-18,2017-11-06
AB-10105,"Adrian Barton",10,28947.14,723.678500,2014-12-20,2017-11-19
AB-10150,"Aimee Bixby",5,1933.42,80.559167,2014-03-05,2017-11-19
AB-10165,"Alan Barnes",8,2227.70,79.560714,2014-11-16,2017-12-05
AB-10255,"Alejandro Ballentine",9,1829.06,65.323571,2014-07-22,2017-07-17
AB-10600,"Ann Blume",4,3031.72,189.482500,2014-11-18,2017-11-10
AC-10420,"Alyssa Crouse",3,1851.60,185.160000,2014-07-12,2017-05-12
AC-10450,"Amy Cox",7,11055.70,614.205556,2014-10-31,2017-12-19
AC-10615,"Ann Chong",5,5075.38,140.982778,2015-09-15,2017-12-24
AC-10660,"Anna Chung",5,1314.62,109.551667,2014-10-15,2017-03-23
AD-10180,"Alan Dominguez",8,12213.76,508.906667,2014-11-19,2017-12-01
AF-10870,"Art Ferguson",7,4105.82,128.306875,2015-12-06,2017-11-19
AF-10885,"Art Foster",4,1723.14,123.081429,2014-05-10,2016-11-10
AG-10270,"Alejandro Grove",5,5165.80,184.492857,2014-05-13,2017-03-27
AG-10300,"Aleksandra Gannaway",4,735.10,73.510000,2014-04-26,2017-09-03
AG-10330,"Alex Grayson",5,1321.94,73.441111,2016-08-03,2017-12-22
AG-10390,"Allen Goldenen",5,401.90,25.118750,2014-04-19,2017-09-07
AG-10495,"Andrew Gjertsen",8,4713.72,112.231429,2015-01-04,2017-10-13
AG-10525,"Andy Gerbode",4,2910.08,161.671111,2014-08-09,2015-09-07
AG-10675,"Anna Gayman",7,6978.12,232.604000,2015-05-07,2017-09-24
AG-10765,"Anthony Garverick",4,341.18,34.118000,2014-09-17,2017-10-14
AG-10900,"Arthur Gainer",10,9021.58,214.799524,2014-07-23,2017-09-25
AH-10030,"Aaron Hawkins",7,3489.40,158.609091,2014-04-22,2017-12-18
AH-10075,"Adam Hart",10,6500.70,162.517500,2014-11-16,2017-11-26
AH-10120,"Adrian Hane",7,3471.06,108.470625,2014-07-18,2017-10-31
AH-10195,"Alan Haines",4,3174.90,198.431250,2015-03-05,2017-11-05
AH-10210,"Alan Hwang",9,9610.70,369.642308,2014-11-29,2017-12-24
AH-10465,"Amy Hunt",5,4990.80,311.925000,2015-01-03,2017-05-14
AH-10585,"Angele Hood",4,1477.00,147.700000,2014-10-26,2017-12-09
AH-10690,"Anna Häberlin",12,15776.60,342.969565,2014-04-02,2016-11-15
AI-10855,"Arianne Irving",10,8751.58,243.099444,2014-04-28,2017-12-17
AJ-10780,"Anthony Jacobs",7,9734.68,324.489333,2014-01-10,2017-10-16
AJ-10795,"Anthony Johnson",7,9002.78,214.351905,2014-05-14,2017-07-17
AJ-10945,"Ashley Jarboe",7,3678.48,183.924000,2014-03-03,2017-10-06
AJ-10960,"Astrea Jones",3,1258.50,125.850000,2014-09-14,2017-10-17
AM-10360,"Alice McCarthy",5,1628.02,67.834167,2014-10-06,2017-12-02
AM-10705,"Anne McFarland",8,11328.04,257.455455,2014-10-31,2017-07-21
AO-10810,"Anthony O'Donnell",1,322.56,161.280000,2016-08-16,2016-08-16
AP-10720,"Anne Pryor",8,3277.10,86.239474,2014-03-03,2017-11-19
AP-10915,"Arthur Prichep",10,6647.10,107.211290,2014-08-23,2017-09-23
AR-10345,"Alex Russell",4,2111.38,211.138000,2014-12-30,2017-09-10
AR-10405,"Allen Rosenblatt",5,4472.24,319.445714,2014-10-03,2017-08-27
AR-10510,"Andrew Roberts",5,529.74,37.838571,2014-05-02,2017-12-16
AR-10540,"Andy Reiter",6,13216.90,734.272222,2014-11-25,2017-12-24
AR-10570,"Anemone Ratner",1,176.30,44.075000,2016-07-14,2016-07-14
AR-10825,"Anthony Rawles",8,9046.66,347.948462,2014-06-30,2017-11-02
AS-10045,"Aaron Smayling",7,6101.38,305.069000,2014-07-27,2017-10-03
AS-10090,"Adam Shillingsburg",9,6510.60,130.212000,2014-09-22,2017-12-02
AS-10135,"Adrian Shami",2,117.64,19.606667,2016-11-13,2017-11-19
AS-10225,"Alan Schoenberger",5,8521.56,327.752308,2014-10-18,2017-12-08
AS-10240,"Alan Shonely",7,1169.24,44.970769,2014-03-15,2017-06-21
AS-10285,"Alejandro Savely",6,6428.48,401.780000,2016-05-21,2017-12-11
AS-10630,"Ann Steele",7,1666.82,69.450833,2014-08-01,2017-09-29
AT-10435,"Alyssa Tate",6,2343.62,130.201111,2014-11-24,2017-12-09
AT-10735,"Annie Thurman",10,7663.74,239.491875,2014-08-30,2017-12-17
AW-10840,"Anthony Witt",4,1298.74,81.171250,2015-04-13,2017-12-10
AW-10930,"Arthur Wiediger",7,5705.90,178.309375,2014-07-14,2017-11-14
AY-10555,"Andy Yotov",4,994.04,49.702000,2014-04-06,2017-12-16
AZ-10750,"Annie Zypern",6,3244.06,135.169167,2014-03-17,2017-07-23
BB-10990,"Barry Blumstein",5,1488.66,93.041250,2014-07-27,2017-09-16
BB-11545,"Brenda Bowman",9,13531.46,338.286500,2015-06-05,2017-12-02
BC-11125,"Becky Castell",9,5867.34,162.981667,2014-07-06,2017-06-11
BD-11320,"Bill Donatelli",12,11437.06,300.975263,2015-05-31,2017-11-27
BD-11500,"Bradley Drucker",6,8822.50,441.125000,2014-02-01,2017-11-25
BD-11560,"Brendan Dodson",2,641.08,80.135000,2015-05-30,2017-03-27
BD-11605,"Brian Dahlen",7,6576.96,164.424000,2014-01-13,2017-09-24
BD-11620,"Brian DeCherney",6,3076.24,192.265000,2014-06-30,2017-10-22
BD-11635,"Brian Derr",3,1165.30,116.530000,2014-10-05,2017-12-21
BD-11725,"Bruce Degenhardt",6,3053.00,152.650000,2015-07-03,2017-09-28
BD-11770,"Bryan Davis",6,1316.92,65.846000,2016-03-10,2017-02-06
BE-11335,"Bill Eplett",5,8409.36,467.186667,2016-01-15,2017-09-02
BE-11410,"Bobby Elias",5,4522.88,452.288000,2016-02-07,2017-09-23
BE-11455,"Brad Eason",6,3455.30,132.896154,2015-08-02,2017-04-20
BF-10975,"Barbara Fisher",7,1199.58,46.137692,2014-07-14,2017-09-30
BF-11005,"Barry Franz",4,2667.78,133.389000,2014-09-25,2017-11-21
BF-11020,"Barry Französisch",8,5777.00,137.547619,2014-02-15,2017-10-17
BF-11080,"Bart Folk",3,545.90,45.491667,2014-11-28,2017-12-05
BF-11170,"Ben Ferrer",11,11815.94,218.813704,2014-04-13,2017-12-14
BF-11215,"Benjamin Farhat",4,3170.34,198.146250,2014-11-09,2017-10-26
BF-11275,"Beth Fritzler",3,1583.98,197.997500,2014-03-22,2017-11-03
BG-11035,"Barry Gonzalez",8,5597.92,233.246667,2014-11-05,2017-12-02
BG-11695,"Brooke Gillingham",6,3748.36,234.272500,2014-05-11,2017-11-24
BG-11740,"Bruce Geld",6,2012.70,143.764286,2014-03-23,2017-11-03
BH-11710,"Brosina Hoffman",8,12510.68,260.639167,2014-06-09,2017-12-07
BK-11260,"Berenike Kampe",6,1318.30,41.196875,2014-08-03,2017-10-14
BM-11140,"Becky Martin",4,23579.28,736.852500,2014-09-08,2017-02-26
BM-11575,"Brendan Murry",6,1616.32,80.816000,2015-09-15,2017-09-21
BM-11650,"Brian Moss",11,14588.36,251.523448,2014-07-09,2017-11-27
BM-11785,"Bryan Mills",10,2677.64,95.630000,2014-06-06,2017-05-26
BN-11470,"Brad Norvell",4,530.62,44.218333,2014-09-12,2017-12-06
BN-11515,"Bradley Nguyen",5,2918.68,85.843529,2014-03-17,2017-12-21
BO-11350,"Bill Overfelt",5,5365.46,223.560833,2016-01-03,2017-08-15
BO-11425,"Bobby Odegard",2,261.66,65.415000,2015-09-10,2017-10-16
BP-11050,"Barry Pond",5,1966.84,140.488571,2014-10-12,2017-10-08
BP-11095,"Bart Pistole",12,4884.10,122.102500,2014-06-07,2017-12-13
BP-11155,"Becky Pak",6,3395.74,154.351818,2015-06-04,2017-10-02
BP-11185,"Ben Peterman",9,7351.72,204.214444,2015-03-24,2017-12-29
BP-11230,"Benjamin Patterson",5,2362.98,196.915000,2014-04-20,2017-11-21
BP-11290,"Beth Paige",7,4950.32,154.697500,2014-10-03,2017-12-18
BS-11365,"Bill Shonely",5,21003.30,1166.850000,2014-05-04,2016-06-20
BS-11380,"Bill Stewart",5,7775.64,299.063077,2014-11-29,2017-12-02
BS-11590,"Brendan Sweed",6,4909.86,245.493000,2014-01-14,2017-11-25
BS-11665,"Brian Stugart",3,6576.24,298.920000,2014-06-23,2016-05-27
BS-11755,"Bruce Stewart",7,5124.76,183.027143,2014-05-18,2017-12-29
BS-11800,"Bryan Spruell",2,1898.86,118.678750,2015-09-26,2017-04-09
BT-11305,"Beth Thompson",5,5135.32,285.295556,2014-04-25,2017-01-28
BT-11395,"Bill Tyler",6,4373.22,218.661000,2014-10-28,2017-03-03
BT-11440,"Bobby Trafton",4,1207.74,86.267143,2014-06-04,2016-06-18
BT-11485,"Brad Thomas",2,830.40,138.400000,2015-12-27,2016-03-11
BT-11530,"Bradley Talbott",5,5369.00,268.450000,2014-05-21,2017-09-30
BT-11680,"Brian Thompson",7,6393.50,159.837500,2014-11-28,2017-12-10
BV-11245,"Benjamin Venier",5,3046.56,108.805714,2015-03-26,2017-01-30
BW-11065,"Barry Weirich",3,771.02,128.503333,2014-05-25,2017-06-01
BW-11110,"Bart Watters",8,9500.72,279.432941,2015-03-20,2017-08-31
BW-11200,"Ben Wallace",6,3476.82,173.841000,2014-08-12,2017-06-10
CA-11965,"Carol Adams",6,7579.44,378.972000,2014-01-26,2017-09-25
CA-12055,"Cathy Armstrong",5,3359.44,167.972000,2015-09-05,2016-11-24
CA-12265,"Christina Anderson",9,5296.58,155.781765,2014-03-25,2017-11-04
CA-12310,"Christine Abelman",4,2843.92,129.269091,2014-07-19,2017-12-17
CA-12775,"Cynthia Arntzen",7,6083.16,178.916471,2014-06-28,2017-09-01
CB-12025,"Cassandra Brandow",10,12152.30,233.698077,2014-03-21,2017-11-13
CB-12415,"Christy Brittain",8,3898.42,162.434167,2015-11-05,2017-12-04
CB-12535,"Claudia Bergmann",8,8492.92,223.497895,2015-01-02,2017-06-16
CC-12100,"Chad Cunningham",6,3541.90,136.226923,2014-12-16,2016-09-29
CC-12145,"Charles Crestani",7,4943.30,224.695455,2014-07-20,2017-09-15
CC-12220,"Chris Cortes",12,7826.86,177.883182,2014-09-09,2017-12-10
CC-12370,"Christopher Conant",5,24258.16,1102.643636,2016-05-23,2017-11-17
CC-12430,"Chuck Clark",10,5740.10,151.055263,2015-09-06,2017-12-30
CC-12475,"Cindy Chapman",9,3318.90,127.650000,2014-05-16,2017-11-21
CC-12550,"Clay Cheatham",3,227.68,28.460000,2017-06-15,2017-12-03
CC-12610,"Corey Catlett",7,5081.26,211.719167,2014-08-27,2017-11-26
CC-12670,"Craig Carreira",7,4539.38,162.120714,2014-12-23,2017-12-01
CC-12685,"Craig Carroll",4,5708.24,237.843333,2014-03-22,2015-10-23
CD-11920,"Carlos Daly",5,4067.94,225.996667,2014-03-24,2017-11-20
CD-11980,"Carol Darley",3,1279.52,106.626667,2016-11-24,2017-11-06
CD-12280,"Christina DeMoss",2,2411.16,92.736923,2017-11-05,2017-11-18
CD-12790,"Cynthia Delaney",5,3721.48,124.049333,2014-02-02,2016-11-26
CG-12040,"Catherine Glotzbach",6,1808.96,100.497778,2015-06-01,2017-11-11
CG-12520,"Claire Gute",3,2297.56,229.756000,2015-10-15,2017-01-26
CH-12070,"Cathy Hwang",3,3074.48,384.310000,2015-06-25,2016-02-08
CJ-11875,"Carl Jackson",1,33.04,16.520000,2016-12-30,2016-12-30
CJ-12010,"Caroline Jumper",8,22329.94,558.248500,2016-03-10,2017-06-24
CK-12205,"Chloris Kastensmidt",13,6309.66,98.588438,2014-03-11,2017-11-21
CK-12325,"Christine Kargatis",5,5890.64,245.443333,2014-03-14,2017-09-01
CK-12595,"Clytie Kelty",11,4745.50,94.910000,2014-12-26,2017-11-17
CK-12760,"Cyma Kinney",9,3164.22,113.007857,2014-02-07,2017-10-09
CL-11890,"Carl Ludwig",4,2524.02,180.287143,2014-07-26,2017-09-15
CL-12565,"Clay Ludtke",12,21761.12,388.591429,2014-03-04,2017-03-21
CL-12700,"Craig Leslie",5,4707.18,294.198750,2016-04-24,2017-09-16
CM-11815,"Candace McMahon",6,3347.78,167.389000,2014-11-14,2017-08-21
CM-11935,"Carlos Meador",2,1130.78,141.347500,2015-09-24,2016-01-22
CM-12115,"Chad McGuire",4,3323.22,237.372857,2015-03-29,2017-12-22
CM-12160,"Charles McCrossin",6,5066.64,361.902857,2016-10-21,2017-12-04
CM-12190,"Charlotte Melton",6,2950.28,210.734286,2015-09-18,2017-12-22
CM-12235,"Chris McAfee",5,4611.42,288.213750,2016-05-01,2016-12-10
CM-12385,"Christopher Martinez",4,17908.02,895.401000,2015-03-16,2017-11-23
CM-12445,"Chuck Magee",3,576.00,32.000000,2014-06-09,2016-10-20
CM-12655,"Corinna Mitchell",6,12679.12,633.956000,2015-03-19,2017-12-03
CM-12715,"Craig Molinari",4,7968.90,306.496154,2014-03-07,2015-03-01
Co-12640,Corey-Lock,5,2600.16,162.510000,2014-06-20,2016-06-29
CP-12085,"Cathy Prescott",8,10804.50,385.875000,2014-12-04,2017-10-09
CP-12340,"Christine Phan",8,11776.60,392.553333,2014-03-17,2017-07-23
CR-12580,"Clay Rozendal",4,4297.70,358.141667,2016-04-18,2017-11-03
CR-12625,"Corey Roper",3,951.80,118.975000,2014-06-01,2016-09-16
CR-12730,"Craig Reiter",4,3201.10,266.758333,2014-08-20,2017-10-13
CR-12820,"Cyra Reiten",3,2795.76,199.697143,2015-01-24,2017-10-06
CS-11845,"Cari Sayre",5,2557.92,159.870000,2014-12-14,2017-09-30
CS-11860,"Cari Schnelling",6,1075.26,76.804286,2014-05-02,2017-07-21
CS-11950,"Carlos Soltero",11,6073.06,138.024091,2014-06-08,2017-12-05
CS-12130,"Chad Sievert",4,1769.28,126.377143,2014-08-05,2016-08-28
CS-12175,"Charles Sheldon",5,1688.92,105.557500,2014-08-12,2017-05-12
CS-12250,"Chris Selesnick",12,5508.44,98.365000,2014-01-13,2017-12-04
CS-12355,"Christine Sundaresam",11,6404.32,145.552727,2014-08-15,2017-12-24
CS-12400,"Christopher Schild",9,7303.72,260.847143,2014-09-26,2017-12-28
CS-12460,"Chuck Sachs",2,1101.28,91.773333,2017-07-03,2017-12-03
CS-12490,"Cindy Schnelling",4,2154.46,119.692222,2015-01-12,2016-11-01
CS-12505,"Cindy Stewart",6,11380.14,632.230000,2014-03-26,2017-11-02
CT-11995,"Carol Triggs",8,6483.80,180.105556,2014-05-07,2017-09-25
CV-12295,"Christina VanderZanden",5,5661.26,217.740769,2014-03-28,2017-04-20
CV-12805,"Cynthia Voltz",9,4740.66,124.754211,2016-05-09,2017-12-25
CW-11905,"Carl Weiss",6,2273.18,103.326364,2014-06-09,2017-12-08
CY-12745,"Craig Yedwab",8,5800.04,263.638182,2014-12-12,2017-10-31
DA-13450,"Dianna Arnett",4,313.52,19.595000,2014-04-25,2017-01-12
DB-12910,"Daniel Byrd",8,4343.22,180.967500,2014-10-24,2017-12-09
DB-12970,"Darren Budd",5,5678.46,202.802143,2014-11-12,2017-05-03
DB-13060,"Dave Brooks",7,9063.30,348.588462,2014-03-01,2017-12-14
DB-13120,"David Bremer",7,5946.18,212.363571,2015-05-01,2017-11-12
DB-13210,"Dean Braden",10,4665.14,111.074762,2015-03-22,2017-12-21
DB-13270,"Deborah Brumfield",8,9311.80,358.146154,2014-02-04,2017-11-07
DB-13360,"Dennis Bolton",5,2162.94,180.245000,2014-11-19,2017-04-10
DB-13405,"Denny Blanton",4,3423.38,122.263571,2015-08-08,2017-06-26
DB-13555,"Dorothy Badders",7,7817.60,279.200000,2014-04-21,2017-09-14
DB-13615,"Doug Bickford",7,3978.10,180.822727,2014-09-30,2017-11-27
DB-13660,"Duane Benoit",7,2310.42,115.521000,2014-06-17,2017-12-18
DC-12850,"Dan Campbell",9,6672.34,185.342778,2014-07-05,2017-11-23
DC-13285,"Debra Catini",5,2349.24,167.802857,2014-12-29,2017-12-07
DD-13570,"Dorothy Dickinson",6,539.06,29.947778,2014-03-31,2017-11-19
DE-13255,"Deanra Eno",5,5101.74,283.430000,2014-08-22,2016-01-11
DF-13135,"David Flashing",3,4781.08,398.423333,2014-10-04,2016-01-30
DG-13300,"Deirdre Greer",5,6391.64,399.477500,2014-11-01,2017-11-28
DH-13075,"Dave Hallsten",6,9865.74,214.472609,2014-11-21,2017-03-28
DH-13675,"Duane Huffman",4,2086.18,94.826364,2014-08-12,2015-11-15
DJ-13420,"Denny Joy",4,4025.04,402.504000,2014-12-08,2016-04-02
DJ-13510,"Don Jones",8,5003.38,192.437692,2014-08-17,2017-11-12
DJ-13630,"Doug Jacobs",3,6712.80,419.550000,2015-12-14,2017-12-18
DK-12835,"Damala Kotsonis",12,6512.96,120.610370,2014-03-26,2017-12-09
DK-12895,"Dana Kaydos",5,8564.32,285.477333,2015-03-08,2017-11-15
DK-12985,"Darren Koutras",5,3374.06,210.878750,2014-11-24,2017-12-23
DK-13090,"Dave Kipp",7,5301.10,203.888462,2015-03-02,2017-11-18
DK-13150,"David Kendrick",2,1595.66,159.566000,2014-12-05,2017-12-20
DK-13225,"Dean Katz",9,9604.78,252.757368,2014-03-14,2017-12-20
DK-13375,"Dennis Kane",8,6636.98,144.282174,2014-09-07,2017-12-11
DL-12865,"Dan Lawera",8,3006.24,107.365714,2014-06-29,2017-09-21
DL-12925,"Daniel Lacy",6,6544.40,233.728571,2014-09-09,2017-11-03
DL-13315,"Delfina Latchford",8,2916.50,85.779412,2014-01-16,2017-12-08
DL-13330,"Denise Leinenbach",4,1170.04,73.127500,2014-06-23,2017-11-03
DL-13495,"Dionis Lloyd",8,7078.64,294.943333,2015-12-25,2017-10-15
Dl-13600,"Dorris liebe",5,1511.20,125.933333,2014-03-30,2017-09-02
DM-12955,"Dario Medina",7,2644.06,146.892222,2014-09-30,2017-09-07
DM-13015,"Darrin Martin",7,12690.18,317.254500,2014-09-14,2017-11-03
DM-13345,"Denise Monton",8,8148.94,313.420769,2014-11-03,2017-12-08
DM-13525,"Don Miller",3,2753.60,137.680000,2014-07-05,2016-09-05
DN-13690,"Duane Noonan",7,4279.58,194.526364,2014-09-20,2017-05-27
DO-13435,"Denny Ordway",9,2600.06,100.002308,2014-10-03,2017-08-19
DO-13645,"Doug O'Connell",7,2534.64,115.210909,2015-11-07,2017-12-04
DP-13000,"Darren Powers",9,2101.26,61.801765,2014-01-03,2017-08-26
DP-13105,"Dave Poirier",8,4429.98,158.213571,2015-08-22,2017-12-24
DP-13165,"David Philippe",2,2117.24,264.655000,2014-12-02,2015-10-10
Dp-13240,"Dean percer",11,14397.54,248.233448,2014-05-26,2017-10-07
DP-13390,"Dennis Pardue",9,10961.46,391.480714,2014-07-05,2017-01-06
DR-12880,"Dan Reichenbach",9,13056.06,272.001250,2015-09-25,2017-12-27
DR-12940,"Daniel Raglin",8,16701.74,642.374615,2014-03-28,2017-11-10
DS-13030,"Darrin Sayre",4,3524.42,92.747895,2014-07-09,2017-09-28
DS-13180,"David Smith",9,5763.60,144.090000,2014-04-28,2017-12-07
DV-13045,"Darrin Van Huff",5,2238.96,124.386667,2016-06-12,2017-12-11
DV-13465,"Dianna Vittorini",6,6683.16,222.772000,2014-06-22,2017-12-01
DW-13195,"David Wiener",6,2161.52,120.084444,2014-01-18,2017-10-22
DW-13480,"Dianna Wilson",5,10543.26,479.239091,2014-06-01,2017-05-27
DW-13540,"Don Weiss",5,688.16,38.231111,2016-02-27,2017-09-23
DW-13585,"Dorothy Wardle",7,2409.70,120.485000,2014-08-24,2017-05-02
EA-14035,"Erin Ashbrook",13,5693.42,113.868400,2014-09-13,2017-07-31
EB-13705,"Ed Braxton",9,7289.94,303.747500,2014-07-08,2017-11-12
EB-13750,"Edward Becker",10,6472.64,161.816000,2015-03-12,2017-11-25
EB-13840,"Ellis Ballard",5,8716.26,544.766250,2014-05-30,2017-10-01
EB-13870,"Emily Burns",10,5534.44,251.565455,2014-05-05,2017-09-21
EB-13930,"Eric Barreto",5,1889.20,134.942857,2014-02-02,2017-07-22
EB-13975,"Erica Bern",4,3286.52,273.876667,2016-01-04,2017-12-30
EB-14110,"Eugene Barchas",6,6142.28,279.194545,2015-04-13,2017-09-08
EB-14170,"Evan Bailliet",6,2372.66,169.475714,2014-09-29,2017-10-09
EC-14050,"Erin Creighton",5,923.82,65.987143,2014-12-17,2017-11-07
ED-13885,"Emily Ducich",8,6969.82,248.922143,2014-08-09,2017-08-17
EG-13900,"Emily Grady",5,3664.04,203.557778,2015-11-02,2017-12-08
EH-13765,"Edward Hooks",12,20621.74,322.214688,2014-04-12,2017-08-17
EH-13945,"Eric Hoffmann",8,1368.36,40.245882,2014-07-02,2017-05-27
EH-13990,"Erica Hackney",6,1651.90,103.243750,2014-01-15,2016-11-20
EH-14005,"Erica Hernandez",7,2439.04,110.865455,2014-05-13,2017-12-28
EH-14125,"Eugene Hildebrand",10,6165.28,171.257778,2014-10-19,2017-07-31
EH-14185,"Evan Henry",6,1847.76,115.485000,2014-05-22,2017-09-16
EJ-13720,"Ed Jacobs",4,4324.36,270.272500,2014-01-27,2017-03-03
EJ-14155,"Eva Jacobs",5,5313.38,332.086250,2014-03-03,2017-11-03
EK-13795,"Eileen Kiefer",4,2606.96,325.870000,2014-03-18,2017-11-16
EL-13735,"Ed Ludwig",2,248.56,62.140000,2016-04-22,2017-10-14
EM-13810,"Eleni McCrary",5,5134.00,366.714286,2015-06-07,2017-08-20
EM-13825,"Elizabeth Moffitt",8,4679.20,146.225000,2014-12-02,2017-11-05
EM-13960,"Eric Murdock",5,1867.40,155.616667,2015-10-01,2017-08-01
EM-14065,"Erin Mull",4,457.98,38.165000,2014-07-22,2017-11-13
EM-14095,"Eudokia Martin",4,2082.08,104.104000,2015-08-07,2017-09-08
EM-14140,"Eugene Moren",6,9176.88,218.497143,2014-07-19,2017-11-12
EM-14200,"Evan Minnotte",3,733.66,91.707500,2015-12-20,2017-07-25
EN-13780,"Edward Nazzal",4,4398.72,244.373333,2015-05-30,2017-03-18
EP-13915,"Emily Phan",17,10956.12,176.711613,2014-07-06,2017-12-18
ER-13855,"Elpida Rittenbach",3,2491.58,249.158000,2015-12-21,2016-11-04
ES-14020,"Erica Smith",5,7020.92,438.807500,2014-09-20,2017-11-20
ES-14080,"Erin Smith",9,9315.86,232.896500,2014-10-02,2017-12-02
FA-14230,"Frank Atkinson",7,5968.10,175.532353,2014-09-19,2017-09-24
FC-14245,"Frank Carlisle",7,6837.48,244.195714,2015-06-13,2017-10-21
FC-14335,"Fred Chung",7,7778.72,388.936000,2014-10-10,2017-06-29
FG-14260,"Frank Gastineau",7,2766.26,125.739091,2014-05-21,2017-11-26
FH-14275,"Frank Hawley",10,8512.56,202.680000,2014-04-06,2017-11-23
FH-14350,"Fred Harton",4,4542.58,162.235000,2015-08-23,2017-06-01
FH-14365,"Fred Hopkins",8,13974.40,537.476923,2014-10-20,2017-12-25
FM-14215,"Filia McAdams",10,4913.28,163.776000,2014-03-11,2017-12-23
FM-14290,"Frank Merwin",9,7472.40,186.810000,2014-08-26,2017-11-24
FM-14380,"Fred McMath",9,5046.52,180.232857,2015-07-12,2017-08-07
FO-14305,"Frank Olsen",10,5356.86,178.562000,2014-06-09,2017-11-22
FP-14320,"Frank Preis",8,8093.50,289.053571,2014-12-07,2017-12-07
FW-14395,"Fred Wasserman",3,159.50,26.583333,2015-03-22,2017-01-02
GA-14515,"George Ashbrook",8,7839.54,279.983571,2014-05-18,2017-08-03
GA-14725,"Guy Armstrong",11,2796.78,63.563182,2014-02-11,2017-12-25
GB-14530,"George Bell",11,3136.88,78.422000,2014-04-28,2017-10-29
GB-14575,"Giulietta Baptist",5,9432.60,294.768750,2015-06-12,2017-12-17
GD-14590,"Giulietta Dortch",4,3776.16,314.680000,2014-05-05,2017-12-25
GG-14650,"Greg Guthrie",9,4447.98,92.666250,2014-10-31,2017-11-17
GH-14410,"Gary Hansen",9,5638.92,165.850588,2014-07-09,2017-10-16
GH-14425,"Gary Hwang",4,8345.68,417.284000,2014-06-17,2017-11-10
GH-14485,"Gene Hale",2,2722.48,453.746667,2015-10-08,2016-12-08
GH-14665,"Greg Hansen",2,293.88,48.980000,2015-11-17,2017-12-28
GK-14620,"Grace Kelly",9,12994.56,464.091429,2014-06-25,2017-09-09
GM-14440,"Gary McGarr",7,7165.64,325.710909,2014-03-21,2017-10-08
GM-14455,"Gary Mitchum",6,6157.26,256.552500,2014-04-11,2017-12-14
GM-14500,"Gene McClure",10,2511.36,96.590769,2014-08-09,2017-09-15
GM-14680,"Greg Matthias",6,6327.26,287.602727,2014-05-10,2017-07-31
GM-14695,"Greg Maxwell",3,12099.92,549.996364,2014-04-05,2017-09-04
GP-14740,"Guy Phonely",2,473.06,47.306000,2014-04-06,2015-11-26
GR-14560,"Georgia Rosenberg",2,2568.76,256.876000,2014-11-19,2014-11-21
GT-14635,"Grant Thornton",3,18702.40,1558.533333,2014-06-06,2017-11-04
GT-14710,"Greg Tran",11,23640.24,407.590345,2014-05-23,2017-11-24
GT-14755,"Guy Thornton",4,452.86,32.347143,2015-02-18,2017-11-26
GW-14605,"Giulietta Weimer",7,4378.04,243.224444,2014-03-01,2017-12-02
GZ-14470,"Gary Zandusky",9,8710.30,311.082143,2014-08-05,2017-12-23
GZ-14545,"George Zrebassa",4,4909.24,490.924000,2014-09-28,2017-07-26
HA-14905,"Helen Abelman",7,4326.64,216.332000,2014-06-30,2017-10-22
HA-14920,"Helen Andreada",8,5168.34,143.565000,2014-10-11,2017-12-10
HD-14785,"Harold Dahlen",3,502.72,35.908571,2014-05-11,2015-11-22
HE-14800,"Harold Engle",4,1767.06,80.320909,2016-01-30,2017-12-18
HF-14995,"Herbert Flentye",7,5066.32,133.324211,2014-05-26,2017-12-09
HG-14845,"Harry Greene",5,1571.24,78.562000,2014-04-29,2017-11-06
HG-14965,"Henry Goldwyn",12,6495.30,191.038235,2014-09-20,2017-12-07
HG-15025,"Hunter Glantz",7,7380.56,335.480000,2014-10-14,2017-12-24
HH-15010,"Hilary Holden",2,437.34,36.445000,2014-08-29,2017-10-19
HJ-14875,"Heather Jas",5,716.20,59.683333,2015-04-13,2017-08-26
HK-14890,"Heather Kirkland",8,9755.60,325.186667,2014-06-10,2017-08-01
HL-15040,"Hunter Lopez",6,25746.60,1170.300000,2014-01-20,2017-11-17
HM-14860,"Harry Marie",10,16473.52,411.838000,2014-07-21,2017-12-28
HM-14980,"Henry MacAllister",4,1472.56,105.182857,2015-10-02,2017-04-27
HP-14815,"Harold Pawlan",7,3980.62,199.031000,2014-05-06,2017-11-30
HR-14770,"Hallie Redmond",5,2598.58,99.945385,2014-03-01,2017-12-17
HR-14830,"Harold Ryan",7,10497.60,374.914286,2014-11-24,2017-07-24
HW-14935,"Helen Wasserman",8,18600.50,465.012500,2015-09-27,2017-09-04
HZ-14950,"Henia Zydlo",5,1773.04,147.753333,2016-03-14,2017-11-25
IG-15085,"Ivan Gibson",4,1489.14,106.367143,2014-10-18,2017-10-20
IL-15100,"Ivan Liston",7,10081.48,360.052857,2014-08-01,2017-08-10
IM-15055,"Ionia McGrath",3,5745.26,718.157500,2014-01-23,2016-11-16
IM-15070,"Irene Maddox",7,9860.98,234.785238,2014-12-19,2016-12-05
JA-15970,"Joseph Airdo",8,12982.06,270.459583,2014-09-17,2017-09-29
JB-15400,"Jennifer Braxton",10,3583.24,111.976250,2014-09-14,2017-12-23
JB-15925,"Joni Blumstein",3,1801.10,112.568750,2014-12-05,2015-12-24
JB-16000,"Joy Bell-",7,1288.24,92.017143,2016-01-10,2017-11-17
JB-16045,"Julia Barnett",5,5036.22,279.790000,2015-05-03,2017-12-23
JC-15340,"Jasper Cacioppo",4,142.54,17.817500,2014-01-28,2017-09-07
JC-15385,"Jenna Caffey",1,2116.22,264.527500,2017-07-08,2017-07-08
JC-15775,"John Castell",9,5544.12,173.253750,2014-09-14,2017-07-25
JC-16105,"Julie Creighton",5,1717.14,95.396667,2014-11-18,2017-11-03
JD-15790,"John Dryer",5,4304.70,307.478571,2015-04-02,2017-09-04
JD-15895,"Jonathan Doherty",11,15221.74,237.839688,2014-03-26,2016-12-01
JD-16015,"Joy Daniels",6,770.86,35.039091,2014-10-04,2017-09-09
JD-16060,"Julia Dunbar",3,1390.88,115.906667,2014-09-24,2017-03-05
JD-16150,"Justin Deggeller",8,17656.08,519.296471,2014-11-16,2017-11-19
JE-15475,"Jeremy Ellison",6,2777.38,106.822308,2015-03-16,2017-06-20
JE-15610,"Jim Epp",7,15509.94,387.748500,2014-10-14,2017-11-12
JE-15715,"Joe Elijah",10,17395.72,395.357273,2014-08-25,2017-11-14
JE-15745,"Joel Eaton",13,13521.62,293.948261,2014-06-22,2017-11-09
JE-16165,"Justin Ellison",3,5394.50,385.321429,2016-12-05,2017-12-10
JF-15190,"Jamie Frazer",7,4559.18,119.978421,2014-11-15,2017-10-26
JF-15295,"Jason Fortune-",5,1910.24,68.222857,2014-03-14,2017-05-19
JF-15355,"Jay Fein",6,3823.68,119.490000,2015-10-23,2017-09-16
JF-15415,"Jennifer Ferguson",6,4742.90,169.389286,2014-06-17,2017-12-28
JF-15490,"Jeremy Farry",11,2165.84,72.194667,2014-10-19,2017-08-31
JF-15565,"Jill Fjeld",8,8396.64,262.395000,2014-10-11,2017-11-06
JG-15115,"Jack Garza",3,4717.32,336.951429,2014-09-21,2015-12-03
JG-15160,"James Galang",11,12732.80,353.688889,2014-05-30,2017-12-29
JG-15310,"Jason Gross",6,4481.16,203.689091,2016-03-03,2017-12-28
JG-15805,"John Grady",6,3014.04,167.446667,2014-04-05,2017-05-21
JH-15430,"Jennifer Halladay",4,618.58,44.184286,2014-02-24,2017-12-25
JH-15820,"John Huston",6,1057.84,66.115000,2014-05-19,2017-07-09
JH-15910,"Jonathan Howell",7,1918.96,106.608889,2015-06-12,2017-11-19
JH-15985,"Joseph Holt",6,15909.98,568.213571,2014-08-09,2017-12-01
JH-16180,"Justin Hirsh",4,4512.78,451.278000,2015-05-25,2016-11-21
JJ-15445,"Jennifer Jackson",5,1418.34,118.195000,2015-03-05,2016-09-03
JJ-15760,"Joel Jenkins",2,390.00,65.000000,2015-10-05,2015-12-08
JK-15205,"Jamie Kunitz",5,8854.28,340.549231,2014-07-11,2017-10-30
JK-15325,"Jason Klamczynski",3,767.62,95.952500,2014-11-21,2017-03-18
JK-15370,"Jay Kimmel",8,5419.24,159.389412,2014-04-11,2017-11-16
JK-15625,"Jim Karlsson",7,7520.06,313.335833,2014-05-31,2017-10-30
JK-15640,"Jim Kriz",9,9520.88,396.703333,2014-09-19,2017-07-03
JK-15730,"Joe Kamberova",10,9734.42,243.360500,2014-11-18,2017-10-07
JK-16090,"Juliana Krohn",3,7495.32,416.406667,2015-04-21,2017-12-02
JK-16120,"Julie Kriz",10,5864.98,172.499412,2014-11-02,2017-09-04
JL-15130,"Jack Lebron",6,2429.90,101.245833,2014-07-18,2017-12-22
JL-15175,"James Lanier",5,3143.04,224.502857,2014-12-31,2017-12-24
JL-15235,"Janet Lee",5,4407.40,220.370000,2014-05-25,2017-09-02
JL-15505,"Jeremy Lonsdale",6,6347.74,186.698235,2014-11-14,2017-11-11
JL-15835,"John Lee",11,19599.88,288.233529,2014-04-18,2017-12-09
JL-15850,"John Lucas",6,5450.50,247.750000,2014-07-22,2016-04-25
JM-15250,"Janet Martin",6,6318.22,166.268947,2016-03-29,2017-11-23
JM-15265,"Janet Molinari",5,3608.28,138.780000,2014-08-25,2017-11-23
JM-15535,"Jessica Myrick",7,3466.90,173.345000,2014-09-13,2017-09-19
JM-15580,"Jill Matthias",5,607.88,43.420000,2016-04-14,2017-12-30
JM-15655,"Jim Mitchum",5,1729.90,72.079167,2014-04-08,2017-12-22
JM-15865,"John Murray",7,15250.14,586.543846,2014-11-19,2017-09-12
JM-16195,"Justin MacKendrick",10,5667.84,149.153684,2014-04-30,2017-11-03
JO-15145,"Jack O'Briant",9,6509.90,250.380769,2014-01-06,2017-11-03
JO-15280,"Jas O'Carroll",6,3868.54,175.842727,2014-03-31,2017-09-29
JO-15550,"Jesus Ocampo",5,2181.70,99.168182,2015-03-19,2017-05-29
JP-15460,"Jennifer Patt",7,3338.26,111.275333,2014-08-24,2017-11-23
JP-15520,"Jeremy Pistek",7,7271.18,227.224375,2014-08-22,2017-12-22
JP-16135,"Julie Prescott",9,3415.42,131.362308,2014-09-23,2017-09-19
JR-15670,"Jim Radford",2,2313.32,385.553333,2015-12-24,2016-05-16
JR-15700,"Jocasta Rupert",1,1727.76,863.880000,2017-10-23,2017-10-23
JR-16210,"Justin Ritter",5,4403.38,220.169000,2015-09-18,2017-11-27
JS-15595,"Jill Stevenson",4,2835.30,177.206250,2014-03-03,2017-09-02
JS-15685,"Jim Sink",4,2262.14,102.824545,2016-06-14,2017-11-18
JS-15880,"John Stevenson",5,7736.02,429.778889,2014-04-08,2016-07-14
JS-15940,"Joni Sundaresam",5,938.32,58.645000,2014-05-03,2016-09-23
JS-16030,"Joy Smith",6,5032.98,139.805000,2014-02-27,2017-12-02
JW-15220,"Jane Waco",6,15443.42,551.550714,2015-04-30,2017-11-18
JW-15955,"Joni Wasserman",7,2488.18,113.099091,2015-08-16,2017-12-25
JW-16075,"Julia West",4,2857.46,204.104286,2015-03-21,2016-09-25
KA-16525,"Kelly Andreada",7,3039.02,138.137273,2014-03-11,2017-11-24
KB-16240,"Karen Bern",7,6305.22,315.261000,2014-03-31,2017-12-26
KB-16315,"Karl Braun",9,3138.90,71.338636,2014-08-26,2017-03-09
KB-16405,"Katrina Bavinger",3,1817.64,100.980000,2015-11-20,2017-09-04
KB-16585,"Ken Black",12,5489.48,119.336522,2014-04-04,2017-05-14
KB-16600,"Ken Brennan",7,1967.86,109.325556,2014-12-30,2017-12-29
KC-16255,"Karen Carlisle",6,4241.90,212.095000,2014-09-08,2016-11-18
KC-16540,"Kelly Collister",4,7816.54,781.654000,2015-11-02,2017-09-24
KC-16675,"Kimberly Carter",4,2292.10,163.721429,2014-12-13,2017-11-03
KD-16270,"Karen Daniels",5,16564.72,517.647500,2014-11-11,2016-09-02
KD-16345,"Katherine Ducich",6,3777.92,188.896000,2014-09-02,2017-11-19
KD-16495,"Keith Dawkins",12,16362.48,292.187143,2014-09-28,2017-09-09
KD-16615,"Ken Dana",5,4487.02,172.577692,2015-09-13,2017-03-16
KE-16420,"Katrina Edelman",8,3373.46,112.448667,2014-04-03,2017-12-04
KF-16285,"Karen Ferguson",7,21208.52,589.125556,2014-09-26,2017-09-24
KH-16330,"Katharine Harms",8,6625.74,184.048333,2014-04-01,2017-11-20
KH-16360,"Katherine Hughes",6,6201.20,221.471429,2014-04-29,2017-12-29
KH-16510,"Keith Herrera",7,11905.72,258.820000,2014-08-15,2017-12-08
KH-16630,"Ken Heidel",9,7837.92,230.527059,2014-11-01,2017-11-02
KH-16690,"Kristen Hastings",7,11981.58,399.386000,2014-03-21,2017-12-28
KL-16555,"Kelly Lampkin",8,10032.94,228.021364,2014-06-15,2017-12-14
KL-16645,"Ken Lonsdale",12,28350.46,488.801034,2014-07-25,2017-11-13
KM-16225,"Kalyca Meade",6,4521.90,118.997368,2015-07-06,2017-12-16
KM-16375,"Katherine Murray",8,11240.36,281.009000,2014-07-20,2017-11-04
KM-16660,"Khloe Miller",5,907.08,50.393333,2014-12-22,2017-12-15
KM-16720,"Kunst Miller",8,9818.94,175.338214,2014-03-30,2017-12-02
KN-16390,"Katherine Nockton",9,5234.58,153.958235,2014-12-02,2017-12-11
KN-16450,"Kean Nguyen",5,4343.94,271.496250,2014-04-12,2017-11-08
KN-16705,"Kristina Nunn",8,4561.16,152.038667,2014-03-02,2017-09-23
KS-16300,"Karen Seio",3,176.94,22.117500,2015-01-13,2017-03-10
KT-16465,"Kean Takahito",7,6114.20,218.364286,2014-09-08,2016-12-04
KT-16480,"Kean Thornton",10,9284.20,357.084615,2014-03-10,2017-09-21
KW-16435,"Katrina Willman",5,8833.04,441.652000,2015-08-24,2017-09-25
KW-16570,"Kelly Williams",4,898.20,89.820000,2014-09-30,2015-11-20
LA-16780,"Laura Armstrong",11,17346.46,333.585769,2014-04-29,2017-07-29
LB-16735,"Larry Blacks",3,100.38,16.730000,2016-07-25,2017-11-12
LB-16795,"Laurel Beltran",8,9971.36,207.736667,2014-04-23,2017-07-31
LC-16870,"Lena Cacioppo",8,5161.42,86.023667,2015-05-03,2017-12-03
LC-16885,"Lena Creighton",12,15326.26,333.179565,2014-04-25,2017-12-14
LC-16930,"Linda Cazamias",8,8985.88,320.924286,2014-02-20,2017-11-19
LC-16960,"Lindsay Castell",4,6493.26,463.804286,2015-02-23,2016-10-20
LC-17050,"Liz Carlisle",5,4190.12,232.784444,2014-01-31,2017-11-06
LC-17140,"Logan Currie",9,5267.14,138.608947,2014-09-09,2017-12-17
LD-16855,"Lela Donovan",1,10.60,5.300000,2016-06-26,2016-06-26
LD-17005,"Lisa DeCherney",4,3923.86,280.275714,2014-09-29,2016-11-11
LE-16810,"Laurel Elliston",6,2938.90,163.272222,2014-05-27,2017-12-09
LF-17185,"Luke Foster",7,7861.04,245.657500,2014-07-26,2017-12-08
LH-16750,"Larry Hughes",3,574.86,95.810000,2014-09-21,2017-08-01
LH-16900,"Lena Hernandez",9,4590.64,153.021333,2014-08-19,2017-12-09
LH-17020,"Lisa Hazard",4,636.46,53.038333,2014-09-08,2017-05-05
LH-17155,"Logan Haushalter",9,3479.38,91.562632,2014-12-12,2016-12-10
LL-16840,"Lauren Leatherbury",6,5482.40,228.433333,2014-04-29,2017-04-25
LM-17065,"Liz MacKendrick",5,2693.56,192.397143,2014-06-27,2016-12-04
LO-17170,"Lori Olson",5,1288.70,71.594444,2015-02-06,2017-12-28
LP-17080,"Liz Pelletier",4,1513.20,84.066667,2014-06-24,2017-11-20
LP-17095,"Liz Preis",7,7306.80,243.560000,2016-06-06,2017-12-21
LR-16915,"Lena Radford",6,10285.78,321.430625,2014-08-08,2017-12-04
LR-17035,"Lisa Ryan",5,3758.60,156.608333,2014-09-07,2017-08-20
LS-16945,"Linda Southworth",6,5690.54,203.233571,2015-04-25,2017-07-05
LS-16975,"Lindsay Shagiari",9,5977.30,135.847727,2014-10-20,2017-12-10
LS-17200,"Luke Schmidt",6,2020.50,72.160714,2014-10-18,2017-09-25
LS-17230,"Lycoris Saunders",3,737.76,61.480000,2014-01-06,2015-11-14
LS-17245,"Lynn Smith",6,2016.28,84.011667,2014-10-16,2017-11-26
LT-16765,"Larry Tron",3,659.74,109.956667,2014-09-01,2017-12-04
LT-17110,"Liz Thompson",8,5872.52,209.732857,2014-06-01,2017-11-26
LW-16825,"Laurel Workman",5,4476.12,149.204000,2014-05-30,2017-10-03
LW-16990,"Lindsay Williams",6,6460.60,293.663636,2016-05-05,2017-11-27
LW-17125,"Liz Willingham",3,2518.08,251.808000,2014-09-11,2017-06-08
LW-17215,"Luke Weiss",7,10841.04,361.368000,2014-09-12,2017-12-09
MA-17560,"Matt Abelman",11,8598.32,126.445882,2014-08-08,2017-10-27
MA-17995,"Michelle Arnett",6,4906.58,204.440833,2014-09-20,2017-06-27
MB-17305,"Maria Bertelson",10,3097.42,81.511053,2014-08-08,2017-11-12
MB-18085,"Mick Brown",7,2856.48,142.824000,2014-01-05,2017-11-16
MC-17275,"Marc Crier",8,5451.96,209.690769,2014-09-08,2017-10-15
MC-17425,"Mark Cousins",5,8864.28,443.214000,2014-05-30,2016-11-26
MC-17575,"Matt Collins",8,2607.78,118.535455,2014-12-02,2017-12-03
MC-17590,"Matt Collister",6,4852.14,142.710000,2014-05-20,2017-11-09
MC-17605,"Matt Connell",8,4516.40,125.455556,2014-03-19,2017-09-09
MC-17635,"Matthew Clasen",4,1590.30,99.393750,2014-11-28,2017-06-24
MC-17845,"Michael Chen",7,7611.42,271.836429,2014-07-05,2017-12-29
MC-18100,"Mick Crebagga",10,4437.98,116.788947,2014-06-18,2017-11-19
MC-18130,"Mike Caudle",5,3163.98,143.817273,2014-09-19,2016-12-26
MD-17350,"Maribeth Dona",7,7532.80,221.552941,2014-11-05,2017-09-04
MD-17860,"Michael Dominguez",5,2409.82,150.613750,2014-12-02,2017-11-24
ME-17320,"Maria Etezadi",10,21327.46,484.715000,2014-01-06,2017-11-18
ME-17725,"Max Engle",8,3816.90,146.803846,2014-07-12,2017-12-02
ME-18010,"Michelle Ellison",4,2513.90,209.491667,2014-07-21,2017-09-29
MF-17665,"Maureen Fritzler",5,1874.10,117.131250,2014-12-30,2016-11-04
MF-18250,"Monica Federle",5,3516.60,146.525000,2014-09-15,2017-12-23
MG-17650,"Matthew Grinstein",7,7570.56,270.377143,2014-08-09,2017-12-01
MG-17680,"Maureen Gastineau",4,4700.40,235.020000,2014-10-22,2017-09-29
MG-17695,"Maureen Gnade",3,2684.58,191.755714,2014-12-26,2016-06-23
MG-17875,"Michael Grace",5,2485.68,177.548571,2014-02-23,2017-09-05
MG-17890,"Michael Granlund",9,1552.78,59.722308,2014-12-29,2017-09-22
MG-18145,"Mike Gockenbach",4,6123.08,382.692500,2014-03-29,2017-10-07
MG-18205,"Mitch Gastineau",1,33.48,8.370000,2017-04-10,2017-04-10
MH-17290,"Marc Harrigan",6,4788.04,184.155385,2014-04-26,2017-09-02
MH-17440,"Mark Haberlin",4,800.04,44.446667,2014-02-04,2016-12-19
MH-17455,"Mark Hamilton",8,4912.36,223.289091,2014-07-11,2017-10-06
MH-17620,"Matt Hagelstein",4,2505.60,208.800000,2015-12-05,2017-07-28
MH-17785,"Maya Herman",7,4407.56,200.343636,2014-05-27,2017-09-23
MH-18025,"Michelle Huthwaite",5,5969.90,298.495000,2014-07-08,2017-11-11
MH-18115,"Mick Hernandez",9,11006.18,250.140455,2016-08-23,2017-12-25
MJ-17740,"Max Jones",7,12641.50,421.383333,2015-06-09,2017-12-08
MK-17905,"Michael Kennedy",8,4604.72,135.432941,2014-11-18,2017-12-02
MK-18160,"Mike Kennedy",4,2063.20,93.781818,2014-12-19,2017-05-04
ML-17395,"Marina Lichtenstein",9,5445.68,136.142000,2014-02-14,2017-10-22
ML-17410,"Maris LaWare",6,5843.02,194.767333,2014-11-14,2017-11-06
ML-17755,"Max Ludwig",7,4143.82,159.377692,2016-08-04,2017-12-01
ML-18040,"Michelle Lonsdale",3,1484.16,185.520000,2017-03-26,2017-10-12
ML-18265,"Muhammed Lee",2,324.46,54.076667,2015-05-31,2017-09-21
MM-17260,"Magdelene Morse",4,2628.04,219.003333,2014-05-28,2017-07-15
MM-17920,"Michael Moore",11,7588.14,237.129375,2014-01-13,2017-12-23
MM-18055,"Michelle Moray",8,5499.74,144.730000,2014-04-11,2017-10-30
MM-18280,"Muhammed MacIntyre",9,1550.82,64.617500,2014-01-20,2017-10-06
MN-17935,"Michael Nguyen",6,4955.88,247.794000,2014-02-16,2017-11-26
MO-17500,"Mary O'Rourke",4,1844.98,184.498000,2014-11-28,2017-10-19
MO-17800,"Meg O'Connel",8,3374.06,153.366364,2015-09-17,2017-09-17
MO-17950,"Michael Oakman",2,308.58,38.572500,2015-04-02,2017-07-03
MP-17470,"Mark Packer",7,6412.24,229.008571,2014-03-30,2016-01-11
MP-17965,"Michael Paige",9,7967.30,199.182500,2015-04-18,2017-10-19
MP-18175,"Mike Pelletier",9,10175.86,267.785789,2014-03-28,2017-12-14
MR-17545,"Mathew Reese",4,1278.36,106.530000,2014-09-03,2017-08-27
MS-17365,"Maribeth Schnelling",10,14887.36,310.153333,2014-09-09,2017-04-01
MS-17530,"MaryBeth Skach",4,951.32,67.951429,2014-11-04,2016-10-22
MS-17710,"Maurice Satty",6,3226.78,107.559333,2014-03-24,2016-11-12
MS-17770,"Maxwell Schwartz",9,6289.34,165.508947,2014-07-04,2017-08-31
MS-17830,"Melanie Seite",4,740.68,74.068000,2014-01-09,2016-10-04
MS-17980,"Michael Stewart",6,1710.24,77.738182,2014-06-30,2017-12-04
MT-17815,"Meg Tillman",6,5780.28,289.014000,2015-11-06,2017-11-11
MT-18070,"Michelle Tran",4,2638.88,119.949091,2014-09-25,2017-06-10
MV-17485,"Mark Van Huff",9,3120.06,104.002000,2014-01-20,2017-12-03
MV-18190,"Mike Vittorini",7,3469.16,157.689091,2014-01-30,2017-12-11
MW-18220,"Mitch Webber",7,10683.80,381.564286,2014-08-25,2017-12-13
MW-18235,"Mitch Willingham",2,10507.76,1751.293333,2014-05-21,2017-11-16
MY-17380,"Maribeth Yedwab",7,4508.58,173.406923,2015-10-26,2017-12-01
MY-18295,"Muhammed Yedwab",11,8305.40,197.747619,2014-04-28,2017-10-20
MZ-17335,"Maria Zettner",4,1187.22,98.935000,2015-11-08,2017-11-30
MZ-17515,"Mary Zewe",6,5129.78,256.489000,2014-04-04,2017-03-23
NB-18580,"Nicole Brennan",2,547.74,136.935000,2014-09-26,2014-10-22
NB-18655,"Nona Balk",9,3945.22,116.035882,2014-12-05,2017-12-11
NC-18340,"Nat Carroll",5,4922.82,144.788824,2014-03-30,2017-05-20
NC-18415,"Nathan Cano",6,4437.98,158.499286,2014-05-03,2017-11-19
NC-18535,"Nick Crebassa",7,16483.48,549.449333,2014-07-23,2017-12-24
NC-18625,"Noah Childs",5,3643.50,202.416667,2014-10-29,2017-06-09
ND-18370,"Natalie DeCherney",9,8652.28,240.341111,2014-01-13,2017-12-03
ND-18460,"Neil Ducich",6,5786.92,361.682500,2014-02-06,2017-06-30
NF-18385,"Natalie Fritzler",7,16645.64,594.487143,2014-02-11,2017-10-12
NF-18475,"Neil Französisch",4,754.34,94.292500,2014-03-14,2016-07-23
NF-18595,"Nicole Fjeld",7,4062.96,169.290000,2014-04-19,2017-09-07
NG-18355,"Nat Gilpin",5,3739.14,116.848125,2014-11-24,2017-11-12
NG-18430,"Nathan Gelder",5,2791.88,155.104444,2014-11-24,2017-11-12
NH-18610,"Nicole Hansen",7,5346.58,243.026364,2014-03-02,2017-06-24
NK-18490,"Neil Knudson",7,1144.10,52.004545,2015-05-28,2017-10-21
NL-18310,"Nancy Lomonaco",4,2836.16,141.808000,2014-10-31,2017-11-02
NM-18445,"Nathan Mautz",7,12918.68,461.381429,2014-02-08,2017-07-23
NM-18520,"Neoma Murray",10,4323.96,144.132000,2015-09-08,2017-04-30
NP-18325,"Naresj Patel",6,11059.24,263.315238,2014-05-13,2017-12-05
NP-18670,"Nora Paige",5,7816.80,390.840000,2015-02-27,2017-11-02
NP-18685,"Nora Pelletier",6,2457.40,175.528571,2014-03-07,2016-11-19
NP-18700,"Nora Preis",7,15806.36,607.936923,2014-09-05,2017-08-14
NR-18550,"Nick Radford",5,4734.54,182.097692,2014-06-07,2017-06-03
NS-18505,"Neola Schneider",4,5151.74,171.724667,2016-11-24,2017-12-24
NS-18640,"Noel Staavos",13,5929.64,114.031538,2014-06-25,2017-07-09
NW-18400,"Natalie Webber",7,14468.04,328.819091,2014-06-21,2017-07-11
NZ-18565,"Nick Zandusky",9,4976.66,124.416500,2014-08-02,2017-10-06
ON-18715,"Odella Nelson",9,3135.04,104.501333,2014-09-13,2016-11-15
OT-18730,"Olvera Toch",5,7637.24,381.862000,2015-04-20,2017-10-26
PA-19060,"Pete Armstrong",6,1458.82,104.201429,2014-05-17,2017-09-18
PB-18805,"Patrick Bzostek",3,1480.72,74.036000,2015-11-20,2017-12-05
PB-19105,"Peter Bühler",4,1376.66,137.666000,2014-11-15,2017-11-03
PB-19150,"Philip Brown",8,2913.90,132.450000,2014-07-14,2017-09-24
PB-19210,"Phillip Breyer",2,265.48,66.370000,2014-11-23,2016-02-11
PC-18745,"Pamela Coakley",4,3664.14,366.414000,2014-12-31,2017-12-28
PC-19000,"Pauline Chand",2,2122.98,353.830000,2014-04-08,2015-08-01
PF-19120,"Peter Fuller",4,18125.72,476.992632,2014-05-05,2015-09-17
PF-19165,"Philip Fox",6,5540.00,277.000000,2014-09-20,2017-06-17
PF-19225,"Phillip Flathmann",5,4412.24,220.612000,2016-06-26,2017-09-07
PG-18820,"Patrick Gardner",13,6173.80,118.726923,2014-05-09,2017-11-24
PG-18895,"Paul Gonzalez",9,3974.30,116.891176,2014-05-11,2017-11-03
PH-18790,"Patricia Hirasaki",1,1459.30,364.825000,2017-10-21,2017-10-21
PJ-18835,"Patrick Jones",8,2440.20,93.853846,2014-05-28,2017-11-21
PJ-19015,"Pauline Johnson",7,3648.46,182.423000,2014-04-07,2017-08-18
PK-18910,"Paul Knutson",2,2882.30,480.383333,2014-04-04,2016-09-03
PK-19075,"Pete Kriz",12,17293.86,345.877200,2014-11-11,2017-12-21
PL-18925,"Paul Lucas",5,478.98,29.936250,2014-11-01,2017-12-15
PM-18940,"Paul MacIntyre",3,2810.80,351.350000,2014-05-04,2016-12-09
PM-19135,"Peter McVee",4,8231.32,587.951429,2015-12-19,2017-11-09
PN-18775,"Parhena Norris",8,2934.32,112.858462,2015-08-07,2017-11-30
PO-18850,"Patrick O'Brill",11,14947.68,339.720000,2014-11-02,2017-12-26
PO-18865,"Patrick O'Donnell",7,4986.44,191.786154,2014-03-23,2017-12-30
PO-19180,"Philisse Overcash",9,9786.10,271.836111,2015-08-11,2017-07-23
PO-19195,"Phillina Ober",5,2113.70,105.685000,2014-01-04,2017-10-05
PP-18955,"Paul Prost",10,14505.22,213.312059,2014-08-26,2017-09-24
PR-18880,"Patrick Ryan",5,3680.36,153.348333,2014-09-05,2017-11-24
PS-18760,"Pamela Stobb",6,4362.96,103.880000,2014-06-15,2017-09-14
PS-18970,"Paul Stevenson",8,2557.30,98.357692,2014-04-15,2017-10-22
PS-19045,"Penelope Sewall",7,13687.26,526.433077,2014-12-20,2017-05-08
PT-19090,"Pete Takahito",4,321.16,22.940000,2014-09-12,2017-10-20
PV-18985,"Paul Van Hugh",5,5752.10,221.234615,2014-07-12,2017-10-02
PW-19030,"Pauline Webber",10,6909.82,265.762308,2014-05-16,2017-11-14
PW-19240,"Pierre Wener",7,7844.82,326.867500,2014-11-18,2016-09-22
QJ-19255,"Quincy Jones",9,12216.68,469.872308,2014-03-17,2017-12-05
RA-19285,"Ralph Arnett",9,5235.78,153.993529,2014-12-13,2017-12-25
RA-19885,"Ruben Ausman",7,7664.64,255.488000,2014-04-08,2017-11-17
RA-19915,"Russell Applegate",9,9587.06,217.887727,2014-06-30,2017-12-18
RA-19945,"Ryan Akin",5,3373.86,187.436667,2014-08-29,2017-10-30
RB-19330,"Randy Bradley",2,2016.40,168.033333,2014-11-17,2017-10-23
RB-19360,"Raymond Buch",6,30234.70,839.852778,2016-04-01,2017-09-25
RB-19435,"Richard Bierner",8,5326.14,166.441875,2014-03-11,2017-12-11
RB-19465,"Rick Bensley",12,9430.94,205.020435,2014-03-14,2017-12-21
RB-19570,"Rob Beeghly",5,1057.06,58.725556,2016-04-28,2017-12-05
RB-19645,"Robert Barroso",5,442.18,31.584286,2014-08-23,2016-03-22
RB-19705,"Roger Barcio",4,4134.90,295.350000,2015-08-22,2017-11-06
RB-19795,"Ross Baird",8,11266.62,312.961667,2014-06-03,2017-11-28
RC-19825,"Roy Collins",6,1932.82,96.641000,2014-12-05,2016-12-26
RC-19960,"Ryan Crowe",6,1771.50,80.522727,2014-08-25,2017-09-11
RD-19480,"Rick Duston",8,8545.88,284.862667,2014-06-08,2017-10-19
RD-19585,"Rob Dowd",10,5825.80,153.310526,2014-04-02,2017-07-03
RD-19660,"Robert Dilbeck",5,5573.26,557.326000,2015-04-12,2017-09-07
RD-19720,"Roger Demir",10,2839.48,70.987000,2014-07-20,2017-12-09
RD-19810,"Ross DeVincentis",8,2275.22,71.100625,2014-10-27,2017-12-16
RD-19900,"Ruben Dartt",9,6267.84,149.234286,2014-04-05,2017-09-07
RD-19930,"Russell D'Ascenzo",4,1941.90,97.095000,2014-10-03,2017-11-18
RE-19405,"Ricardo Emerson",1,96.72,48.360000,2014-12-29,2014-12-29
RE-19450,"Richard Eichhorn",5,1753.40,97.411111,2014-06-03,2017-03-03
RF-19345,"Randy Ferguson",8,6618.28,206.821250,2014-05-20,2016-12-05
RF-19735,"Roland Fjeld",7,4682.60,167.235714,2014-08-06,2017-10-02
RF-19840,"Roy Französisch",8,1890.44,85.929091,2014-11-12,2017-12-24
RH-19495,"Rick Hansen",5,7242.76,452.672500,2014-08-23,2017-11-28
RH-19510,"Rick Huthwaite",6,13958.36,581.598333,2014-11-16,2016-09-19
RH-19555,"Ritsa Hightower",2,1480.78,246.796667,2015-12-04,2016-07-29
RH-19600,"Rob Haberlin",3,4171.48,189.612727,2015-07-02,2016-07-14
RK-19300,"Ralph Kennedy",3,2920.38,182.523750,2015-07-20,2017-09-02
RL-19615,"Rob Lucas",8,12469.82,259.787917,2014-12-05,2017-08-31
RM-19375,"Raymond Messe",6,2906.94,161.496667,2014-05-11,2017-01-19
RM-19675,"Robert Marley",5,11958.18,543.553636,2014-11-14,2017-12-24
RM-19750,"Roland Murray",1,196.70,49.175000,2017-03-06,2017-03-06
RO-19780,"Rose O'Brian",7,7630.94,317.955833,2015-05-12,2017-11-25
RP-19270,"Rachel Payne",4,1909.28,79.553333,2014-10-19,2016-08-21
RP-19390,"Resi Pölking",12,10306.12,206.122400,2014-05-24,2017-11-27
RP-19855,"Roy Phan",8,4341.42,144.714000,2014-04-05,2017-12-02
RR-19315,"Ralph Ritter",2,1231.86,153.982500,2016-11-14,2017-12-11
RR-19525,"Rick Reed",6,6604.52,330.226000,2014-09-09,2017-07-13
RS-19420,"Ricardo Sperren",5,6442.58,357.921111,2014-08-05,2017-10-15
RS-19765,"Roland Schwarz",8,8319.54,297.126429,2014-04-07,2017-11-24
RS-19870,"Roy Skaria",2,44.66,7.443333,2016-06-07,2017-12-11
RW-19540,"Rick Wilson",7,14794.80,321.626087,2015-02-03,2017-09-01
RW-19630,"Rob Williams",9,6559.50,204.984375,2014-06-28,2017-10-02
RW-19690,"Robert Waldorf",5,6991.28,233.042667,2016-05-30,2017-10-12
SA-20830,"Sue Ann Reed",10,9534.68,227.016190,2014-02-22,2017-10-28
SB-20170,"Sarah Bern",3,2696.04,192.574286,2014-06-06,2017-06-12
SB-20185,"Sarah Brown",6,12822.00,534.250000,2014-09-20,2017-06-25
SB-20290,"Sean Braxton",7,16115.78,473.993529,2014-05-09,2017-11-13
SC-20020,"Sam Craven",5,6725.92,197.821176,2014-03-03,2015-11-10
SC-20050,"Sample Company A",9,9249.14,308.304667,2014-03-18,2017-11-20
SC-20095,"Sanjit Chand",9,28284.68,642.833636,2014-02-12,2017-01-15
SC-20230,"Scot Coram",4,8743.92,397.450909,2016-06-06,2017-08-03
SC-20260,"Scott Cohen",8,7459.60,207.211111,2014-04-06,2017-06-26
SC-20305,"Sean Christensen",7,7958.12,331.588333,2014-12-16,2017-12-01
SC-20380,"Shahid Collister",9,11985.06,299.626500,2014-03-01,2017-11-30
SC-20440,"Shaun Chance",7,3750.00,187.500000,2015-08-17,2017-11-24
SC-20575,"Sonia Cooley",5,1805.46,128.961429,2014-06-16,2017-09-29
SC-20680,"Steve Carroll",6,2509.28,156.830000,2014-11-21,2017-08-26
SC-20695,"Steve Chapman",10,5152.80,184.028571,2014-12-16,2017-10-02
SC-20725,"Steven Cartwright",11,10452.40,201.007692,2014-06-03,2017-06-26
SC-20770,"Stewart Carmichael",7,8985.36,213.937143,2015-06-20,2017-11-19
SC-20800,"Stuart Calhoun",4,558.50,55.850000,2015-12-11,2017-11-30
SC-20845,"Sung Chung",2,561.26,70.157500,2016-11-11,2017-08-21
SD-20485,"Shirley Daniels",9,12242.20,291.480952,2014-01-26,2017-06-13
SE-20110,"Sanjit Engle",11,24418.88,642.602105,2014-04-11,2017-12-21
SF-20065,"Sandra Flanagan",7,1527.08,84.837778,2014-09-10,2017-11-01
SF-20200,"Sarah Foster",9,6845.56,228.185333,2014-12-23,2017-11-01
SF-20965,"Sylvia Foulston",9,6673.06,196.266471,2014-10-21,2017-11-12
SG-20080,"Sandra Glassco",3,6813.16,309.689091,2015-10-31,2017-12-22
SG-20470,"Sheri Gordon",8,3769.60,134.628571,2014-07-26,2017-06-30
SG-20605,"Speros Goranitis",6,6249.68,240.372308,2014-01-23,2017-09-13
SG-20890,"Susan Gilcrest",3,95.90,9.590000,2014-03-30,2017-05-18
SH-19975,"Sally Hughsby",13,6813.72,117.477931,2014-12-10,2017-12-01
SH-20395,"Shahid Hopkins",10,4361.40,145.380000,2014-11-02,2017-12-07
SH-20635,"Stefanie Holloman",2,4192.78,1048.195000,2014-12-16,2015-11-26
SJ-20125,"Sanjit Jacobs",12,7899.30,164.568750,2015-09-22,2017-09-26
SJ-20215,"Sarah Jordon",6,2682.08,134.104000,2015-02-09,2017-12-01
SJ-20500,"Shirley Jackson",5,2637.54,188.395714,2014-08-31,2017-04-21
SK-19990,"Sally Knutson",3,1766.82,176.682000,2016-11-28,2017-12-22
SL-20155,"Sara Luxemburg",7,6106.02,339.223333,2014-09-21,2017-10-21
SM-20005,"Sally Matthias",4,488.98,40.748333,2014-11-23,2016-11-04
SM-20320,"Sean Miller",5,50086.14,1669.538000,2014-03-18,2017-10-12
SM-20905,"Susan MacKendrick",1,2086.10,173.841667,2016-05-03,2016-05-03
SM-20950,"Suzanne McNair",12,11126.80,252.881818,2014-09-29,2017-12-05
SN-20560,"Skye Norling",6,3720.84,124.028000,2015-06-18,2017-09-10
SN-20710,"Steve Nguyen",7,6255.94,164.630000,2014-05-06,2017-10-12
SO-20335,"Sean O'Donnell",6,5205.16,173.505333,2015-10-11,2017-12-01
SP-20545,"Sibella Parks",6,2612.18,130.609000,2014-10-13,2017-02-06
SP-20620,"Stefania Perrino",9,10880.64,226.680000,2014-09-08,2017-11-13
SP-20650,"Stephanie Phelps",9,3744.86,124.828667,2014-04-16,2016-12-09
SP-20860,"Sung Pak",10,8565.84,178.455000,2014-12-15,2017-10-12
SP-20920,"Susan Pistek",6,7981.34,285.047857,2014-11-22,2017-10-21
SR-20425,"Sharelle Roach",5,6466.96,359.275556,2014-06-14,2017-12-22
SR-20740,"Steven Roelle",8,8691.76,362.156667,2014-02-20,2017-06-17
SS-20140,"Saphhira Shifley",8,2648.06,63.049048,2014-11-23,2017-12-15
SS-20410,"Shahid Shariari",6,6113.62,254.734167,2014-05-30,2017-09-11
SS-20515,"Shirley Schmidt",3,1226.80,102.233333,2014-07-14,2016-08-26
SS-20590,"Sonia Sunley",6,836.98,46.498889,2014-08-05,2016-10-24
SS-20875,"Sung Shariari",5,1929.26,64.308667,2014-12-14,2017-09-01
ST-20530,"Shui Tom",7,866.68,36.111667,2014-02-14,2017-08-27
SU-20665,"Stephanie Ulpright",7,5190.76,144.187778,2015-12-05,2017-12-10
SV-20365,"Seth Vernon",10,22941.88,358.466875,2014-01-11,2017-09-20
SV-20785,"Stewart Visinsky",9,8210.64,164.212800,2014-04-12,2017-02-13
SV-20815,"Stuart Van",4,2542.18,211.848333,2015-05-04,2017-10-15
SV-20935,"Susan Vittorini",8,3806.98,146.422308,2016-03-19,2017-12-28
SW-20245,"Scot Wooten",7,2170.12,108.506000,2014-07-20,2017-10-10
SW-20275,"Scott Williamson",6,3933.30,280.950000,2014-03-10,2017-11-30
SW-20350,"Sean Wendt",3,2038.08,169.840000,2016-04-09,2017-07-21
SW-20455,"Shaun Weien",7,5843.08,324.615556,2015-06-22,2017-07-21
SW-20755,"Steven Ward",2,1517.38,94.836250,2014-11-02,2016-07-14
SZ-20035,"Sam Zeldin",11,7250.68,181.267000,2014-09-07,2017-11-25
TA-21385,"Tom Ashbrook",4,29191.24,1459.562000,2014-09-12,2017-10-22
TB-21055,"Ted Butterfield",5,2935.78,81.549444,2016-06-17,2017-09-02
TB-21175,"Thomas Boland",4,7178.58,326.299091,2014-12-08,2017-11-02
TB-21190,"Thomas Brumley",4,1632.34,204.042500,2014-12-27,2017-11-11
TB-21250,"Tim Brockman",7,3204.74,84.335263,2014-12-08,2017-01-15
TB-21280,"Toby Braunhardt",6,4396.92,199.860000,2014-06-21,2016-05-26
TB-21355,"Todd Boyes",5,1668.66,64.179231,2016-01-25,2017-08-06
TB-21400,"Tom Boeckenhauer",7,18267.98,537.293529,2014-01-21,2017-06-11
TB-21520,"Tracy Blumstein",9,9474.96,236.874000,2014-10-17,2017-09-14
TB-21595,"Troy Blackwell",5,2775.14,198.224286,2014-02-18,2017-03-20
TB-21625,"Trudy Brown",9,5595.36,186.512000,2014-08-06,2017-11-30
TC-20980,"Tamara Chand",5,38104.44,1587.685000,2014-11-07,2016-11-26
TC-21145,"Theresa Coyne",1,2076.52,259.565000,2017-09-15,2017-09-15
TC-21295,"Toby Carlisle",8,8533.62,266.675625,2014-10-14,2017-12-03
TC-21475,"Tony Chapman",9,2489.96,113.180000,2014-11-22,2017-07-30
TC-21535,"Tracy Collins",7,1485.10,74.255000,2014-11-03,2017-12-26
TD-20995,"Tamara Dahlen",9,2869.12,89.660000,2014-05-19,2017-11-23
TG-21310,"Toby Gnade",5,6116.76,339.820000,2015-03-09,2017-01-27
TG-21640,"Trudy Glocke",4,4149.34,207.467000,2014-03-31,2017-09-07
TH-21100,"Thea Hendricks",5,4845.66,346.118571,2014-09-27,2017-01-20
TH-21115,"Thea Hudgings",4,5885.56,326.975556,2014-09-23,2017-11-02
TH-21235,"Tiffany House",8,2044.42,78.631538,2014-11-04,2017-09-04
TH-21550,"Tracy Hopkins",7,8468.20,325.700000,2014-04-05,2017-10-19
TM-21010,"Tamara Manning",8,5910.46,155.538421,2014-02-21,2017-09-18
TM-21490,"Tony Molinari",3,2189.36,273.670000,2017-03-30,2017-08-22
TN-21040,"Tanja Norvell",7,6260.46,260.852500,2014-10-10,2017-10-01
TP-21130,"Theone Pippenger",9,8908.12,278.378750,2015-04-14,2017-12-22
TP-21415,"Tom Prescott",5,10657.96,532.898000,2015-11-28,2017-09-17
TP-21565,"Tracy Poddar",4,3873.24,193.662000,2015-03-01,2017-01-14
TR-21325,"Toby Ritter",5,1351.88,96.562857,2014-12-01,2017-06-20
TS-21085,"Thais Sissman",2,9.68,2.420000,2015-07-19,2017-01-07
TS-21160,"Theresa Swint",6,4327.26,127.272353,2014-04-23,2016-08-13
TS-21205,"Thomas Seio",7,10742.22,282.690000,2014-03-21,2017-06-15
TS-21340,"Toby Swindell",5,1949.56,81.231667,2014-01-19,2017-05-18
TS-21370,"Todd Sumrall",6,23783.50,792.783333,2014-10-28,2017-11-24
TS-21430,"Tom Stivers",5,4108.28,293.448571,2014-07-30,2017-07-11
TS-21505,"Tony Sayre",6,4486.56,160.234286,2014-12-20,2017-12-19
TS-21610,"Troy Staebel",7,5640.84,256.401818,2014-08-16,2017-11-05
TS-21655,"Trudy Schmidt",5,6736.16,240.577143,2015-02-06,2017-05-06
TT-21070,"Ted Trevino",7,9831.18,351.113571,2014-05-18,2017-11-29
TT-21220,"Thomas Thornton",8,2854.10,95.136667,2014-09-23,2017-06-30
TT-21265,"Tim Taslimi",3,879.00,146.500000,2015-08-15,2016-11-19
TT-21460,"Tonja Turnell",7,10729.60,383.200000,2015-12-08,2017-12-18
TW-21025,"Tamara Willingham",7,10557.64,439.901667,2014-12-22,2017-10-27
TZ-21580,"Tracy Zic",4,3414.56,189.697778,2014-11-11,2017-11-25
VB-21745,"Victoria Brennan",6,4011.18,200.559000,2015-07-17,2017-11-06
VD-21670,"Valerie Dominguez",6,12884.52,402.641250,2014-08-04,2016-05-28
VF-21715,"Vicky Freymann",5,1695.90,77.086364,2014-03-01,2017-12-17
VG-21790,"Vivek Gonzalez",6,1692.04,105.752500,2014-08-08,2017-07-29
VG-21805,"Vivek Grady",5,854.74,71.228333,2014-09-22,2017-03-19
VM-21685,"Valerie Mitchum",7,4909.74,204.572500,2014-04-07,2017-11-06
VM-21835,"Vivian Mathis",5,761.38,47.586250,2014-03-22,2017-09-04
VP-21730,"Victor Preis",3,1987.80,198.780000,2015-07-05,2017-11-30
VP-21760,"Victoria Pisteka",7,6721.08,240.038571,2014-09-06,2017-10-16
VS-21820,"Vivek Sundaresam",4,2111.98,131.998750,2014-01-07,2017-05-23
VT-21700,"Valerie Takahito",2,3473.20,192.955556,2014-06-06,2015-04-05
VW-21775,"Victoria Wilson",10,12268.08,340.780000,2014-05-11,2017-12-02
WB-21850,"William Brown",11,12320.20,166.489189,2014-11-04,2017-12-10
XP-21865,"Xylona Preis",11,4749.32,84.809286,2014-01-20,2017-11-17
YC-21895,"Yoseph Carroll",5,10908.70,681.793750,2014-11-17,2017-12-26
YS-21880,"Yana Sorensen",8,13440.88,560.036667,2015-01-12,2017-12-21
ZC-21910,"Zuschuss Carroll",13,16051.40,258.893548,2014-10-13,2017-11-06
ZD-21925,"Zuschuss Donatelli",5,2987.88,165.993333,2014-08-27,2017-06-11
